gameid, time, condition, critical, objectSet, instructionNum, attemptNum, targetX, targetY, distractorX, distractorY, mouseX, mouseY
5693-5,1435685213566,base,0,2,0,0,93.75,506.25,none,none,296,294
5693-5,1435685213583,base,0,2,0,0,93.75,506.25,none,none,305,286
5693-5,1435685213600,base,0,2,0,0,93.75,506.25,none,none,323,272
5693-5,1435685213616,base,0,2,0,0,93.75,506.25,none,none,345,259
5693-5,1435685213634,base,0,2,0,0,93.75,506.25,none,none,381,242
5693-5,1435685213651,base,0,2,0,0,93.75,506.25,none,none,436,226
5693-5,1435685213667,base,0,2,0,0,93.75,506.25,none,none,491,210
5693-5,1435685213685,base,0,2,0,0,93.75,506.25,none,none,529,204
5693-5,1435685213702,base,0,2,0,0,93.75,506.25,none,none,565,197
5693-5,1435685213719,base,0,2,0,0,93.75,506.25,none,none,584,193
5693-5,1435685215080,base,0,2,0,0,93.75,506.25,none,none,263,119
5693-5,1435685227419,base,0,2,0,0,93.75,506.25,none,none,239,23
5693-5,1435685227436,base,0,2,0,0,93.75,506.25,none,none,225,55
5693-5,1435685227453,base,0,2,0,0,93.75,506.25,none,none,221,72
5693-5,1435685227470,base,0,2,0,0,93.75,506.25,none,none,218,89
5693-5,1435685229884,base,0,2,0,0,93.75,506.25,none,none,218,13
5693-5,1435685230188,base,0,2,0,0,93.75,506.25,none,none,218,64
5693-5,1435685230300,base,0,2,0,0,93.75,506.25,none,none,218,89
5693-5,1435685230688,base,0,2,0,0,93.75,506.25,none,none,219,89
5693-5,1435685230705,base,0,2,0,0,93.75,506.25,none,none,228,92
5693-5,1435685230722,base,0,2,0,0,93.75,506.25,none,none,242,95
5693-5,1435685230739,base,0,2,0,0,93.75,506.25,none,none,279,104
5693-5,1435685230756,base,0,2,0,0,93.75,506.25,none,none,317,114
5693-5,1435685230774,base,0,2,0,0,93.75,506.25,none,none,364,128
5693-5,1435685230790,base,0,2,0,0,93.75,506.25,none,none,401,143
5693-5,1435685230807,base,0,2,0,0,93.75,506.25,none,none,436,157
5693-5,1435685230825,base,0,2,0,0,93.75,506.25,none,none,462,168
5693-5,1435685230841,base,0,2,0,0,93.75,506.25,none,none,483,180
5693-5,1435685230859,base,0,2,0,0,93.75,506.25,none,none,492,190
5693-5,1435685230875,base,0,2,0,0,93.75,506.25,none,none,499,201
5693-5,1435685230892,base,0,2,0,0,93.75,506.25,none,none,503,210
5693-5,1435685230909,base,0,2,0,0,93.75,506.25,none,none,504,216
5693-5,1435685231110,base,0,2,0,0,93.75,506.25,none,none,504,221
5693-5,1435685231126,base,0,2,0,0,93.75,506.25,none,none,506,234
5693-5,1435685231143,base,0,2,0,0,93.75,506.25,none,none,517,251
5693-5,1435685231160,base,0,2,0,0,93.75,506.25,none,none,533,269
5693-5,1435685231177,base,0,2,0,0,93.75,506.25,none,none,563,303
5693-5,1435685231195,base,0,2,0,0,93.75,506.25,none,none,585,322
5693-5,1435685236405,base,0,2,0,0,93.75,506.25,none,none,593,459
5693-5,1435685236421,base,0,2,0,0,93.75,506.25,none,none,588,503
5693-5,1435685236438,base,0,2,0,0,93.75,506.25,none,none,588,539
5693-5,1435685236454,base,0,2,0,0,93.75,506.25,none,none,589,566
5693-5,1435685236472,base,0,2,0,0,93.75,506.25,none,none,593,583
5693-5,1435685236489,base,0,2,0,0,93.75,506.25,none,none,596,598
5693-5,1435685237002,base,0,2,0,0,93.75,506.25,none,none,589,262
5693-5,1435685237019,base,0,2,0,0,93.75,506.25,none,none,555,270
5693-5,1435685237036,base,0,2,0,0,93.75,506.25,none,none,531,276
5693-5,1435685237053,base,0,2,0,0,93.75,506.25,none,none,506,279
5693-5,1435685237070,base,0,2,0,0,93.75,506.25,none,none,494,279
5693-5,1435685237087,base,0,2,0,0,93.75,506.25,none,none,482,279
5693-5,1435685237103,base,0,2,0,0,93.75,506.25,none,none,477,277
5693-5,1435685237468,base,0,2,0,0,93.75,506.25,none,none,476,277
5693-5,1435685237484,base,0,2,0,0,93.75,506.25,none,none,462,267
5693-5,1435685237501,base,0,2,0,0,93.75,506.25,none,none,445,257
5693-5,1435685237518,base,0,2,0,0,93.75,506.25,none,none,414,244
5693-5,1435685237534,base,0,2,0,0,93.75,506.25,none,none,364,228
5693-5,1435685237551,base,0,2,0,0,93.75,506.25,none,none,305,219
5693-5,1435685237568,base,0,2,0,0,93.75,506.25,none,none,261,217
5693-5,1435685237585,base,0,2,0,0,93.75,506.25,none,none,211,216
5693-5,1435685237601,base,0,2,0,0,93.75,506.25,none,none,190,216
5693-5,1435685237618,base,0,2,0,0,93.75,506.25,none,none,177,216
5693-5,1435685237636,base,0,2,0,0,93.75,506.25,none,none,160,216
5693-5,1435685237653,base,0,2,0,0,93.75,506.25,none,none,156,216
5693-5,1435685237670,base,0,2,0,0,93.75,506.25,none,none,152,215
5693-5,1435685237687,base,0,2,0,0,93.75,506.25,none,none,150,213
5693-5,1435685237706,base,0,2,0,0,93.75,506.25,none,none,150,211
5693-5,1435685237722,base,0,2,0,0,93.75,506.25,none,none,152,209
5693-5,1435685237739,base,0,2,0,0,93.75,506.25,none,none,161,203
5693-5,1435685237756,base,0,2,0,0,93.75,506.25,none,none,177,193
5693-5,1435685237774,base,0,2,0,0,93.75,506.25,none,none,194,180
5693-5,1435685237790,base,0,2,0,0,93.75,506.25,none,none,209,173
5693-5,1435685237809,base,0,2,0,0,93.75,506.25,none,none,234,167
5693-5,1435685237823,base,0,2,0,0,93.75,506.25,none,none,252,167
5693-5,1435685237840,base,0,2,0,0,93.75,506.25,none,none,267,176
5693-5,1435685237857,base,0,2,0,0,93.75,506.25,none,none,279,194
5693-5,1435685237874,base,0,2,0,0,93.75,506.25,none,none,287,232
5693-5,1435685237892,base,0,2,0,0,93.75,506.25,none,none,287,259
5693-5,1435685237908,base,0,2,0,0,93.75,506.25,none,none,285,290
5693-5,1435685237925,base,0,2,0,0,93.75,506.25,none,none,275,323
5693-5,1435685237942,base,0,2,0,0,93.75,506.25,none,none,265,351
5693-5,1435685237959,base,0,2,0,0,93.75,506.25,none,none,254,376
5693-5,1435685237976,base,0,2,0,0,93.75,506.25,none,none,244,401
5693-5,1435685237993,base,0,2,0,0,93.75,506.25,none,none,239,414
5693-5,1435685238011,base,0,2,0,0,93.75,506.25,none,none,232,423
5693-5,1435685238027,base,0,2,0,0,93.75,506.25,none,none,229,428
5693-5,1435685238045,base,0,2,0,0,93.75,506.25,none,none,228,429
5693-5,1435685238199,base,0,2,0,0,93.75,506.25,none,none,226,429
5693-5,1435685238216,base,0,2,0,0,93.75,506.25,none,none,219,434
5693-5,1435685238234,base,0,2,0,0,93.75,506.25,none,none,209,440
5693-5,1435685238250,base,0,2,0,0,93.75,506.25,none,none,201,444
5693-5,1435685238267,base,0,2,0,0,93.75,506.25,none,none,190,451
5693-5,1435685238284,base,0,2,0,0,93.75,506.25,none,none,173,462
5693-5,1435685238300,base,0,2,0,0,93.75,506.25,none,none,164,469
5693-5,1435685238317,base,0,2,0,0,93.75,506.25,none,none,154,475
5693-5,1435685238334,base,0,2,0,0,93.75,506.25,none,none,147,479
5693-5,1435685238351,base,0,2,0,0,93.75,506.25,none,none,140,481
5693-5,1435685238369,base,0,2,0,0,93.75,506.25,none,none,136,483
5693-5,1435685238386,base,0,2,0,0,93.75,506.25,none,none,132,483
5693-5,1435685238403,base,0,2,0,0,93.75,506.25,none,none,129,483
5693-5,1435685238420,base,0,2,0,0,93.75,506.25,none,none,126,484
5693-5,1435685238438,base,0,2,0,0,93.75,506.25,none,none,125,484
5693-5,1435685238455,base,0,2,0,0,93.75,506.25,none,none,122,484
5693-5,1435685238472,base,0,2,0,0,93.75,506.25,none,none,121,484
5693-5,1435685238490,base,0,2,0,0,93.75,506.25,none,none,120,484
5693-5,1435685238507,base,0,2,0,0,93.75,506.25,none,none,119,484
5693-5,1435685238523,base,0,2,0,0,93.75,506.25,none,none,118,484
5693-5,1435685238551,base,0,2,0,0,93.75,506.25,none,none,117,485
5693-5,1435685238653,base,0,2,0,0,93.75,506.25,none,none,116,485
5693-5,1435685238675,base,0,2,0,0,93.75,506.25,none,none,116,487
5693-5,1435685238692,base,0,2,0,0,93.75,506.25,none,none,115,487
5693-5,1435685238747,base,0,2,0,0,93.75,506.25,none,none,113,488
5693-5,1435685238778,base,0,2,0,0,93.75,506.25,none,none,113,488
5693-5,1435685238794,base,0,2,0,0,93.75,506.25,none,none,113,489
5693-5,1435685238811,base,0,2,0,0,93.75,506.25,none,none,112,491
5693-5,1435685238828,base,0,2,0,0,93.75,506.25,none,none,111,493
5693-5,1435685238846,base,0,2,0,0,93.75,506.25,none,none,111,495
5693-5,1435685238862,base,0,2,0,0,93.75,506.25,none,none,110,499
5693-5,1435685238879,base,0,2,0,0,93.75,506.25,none,none,110,502
5693-5,1435685238895,base,0,2,0,0,93.75,506.25,none,none,111,508
5693-5,1435685238912,base,0,2,0,0,93.75,506.25,none,none,119,515
5693-5,1435685238929,base,0,2,0,0,93.75,506.25,none,none,131,523
5693-5,1435685238947,base,0,2,0,0,93.75,506.25,none,none,141,529
5693-5,1435685238964,base,0,2,0,0,93.75,506.25,none,none,154,534
5693-5,1435685238981,base,0,2,0,0,93.75,506.25,none,none,162,539
5693-5,1435685238998,base,0,2,0,0,93.75,506.25,none,none,167,542
5693-5,1435685239015,base,0,2,0,0,93.75,506.25,none,none,169,544
5693-5,1435685239032,base,0,2,0,0,93.75,506.25,none,none,169,545
5693-5,1435685239049,base,0,2,0,0,93.75,506.25,none,none,169,547
5693-5,1435685239068,base,0,2,0,0,93.75,506.25,none,none,168,547
5693-5,1435685239085,base,0,2,0,0,93.75,506.25,none,none,164,545
5693-5,1435685239102,base,0,2,0,0,93.75,506.25,none,none,162,540
5693-5,1435685239118,base,0,2,0,0,93.75,506.25,none,none,161,529
5693-5,1435685239135,base,0,2,0,0,93.75,506.25,none,none,160,513
5693-5,1435685239153,base,0,2,0,0,93.75,506.25,none,none,160,498
5693-5,1435685239170,base,0,2,0,0,93.75,506.25,none,none,160,485
5693-5,1435685239186,base,0,2,0,0,93.75,506.25,none,none,162,478
5693-5,1435685239204,base,0,2,0,0,93.75,506.25,none,none,164,472
5693-5,1435685239221,base,0,2,0,0,93.75,506.25,none,none,169,468
5693-5,1435685239238,base,0,2,0,0,93.75,506.25,none,none,174,462
5693-5,1435685239255,base,0,2,0,0,93.75,506.25,none,none,181,459
5693-5,1435685239271,base,0,2,0,0,93.75,506.25,none,none,189,458
5693-5,1435685239288,base,0,2,0,0,93.75,506.25,none,none,197,458
5693-5,1435685239305,base,0,2,0,0,93.75,506.25,none,none,202,458
5693-5,1435685239323,base,0,2,0,0,93.75,506.25,none,none,207,458
5693-5,1435685239340,base,0,2,0,0,93.75,506.25,none,none,210,459
5693-5,1435685239357,base,0,2,0,0,93.75,506.25,none,none,214,461
5693-5,1435685239374,base,0,2,0,0,93.75,506.25,none,none,219,462
5693-5,1435685239391,base,0,2,0,0,93.75,506.25,none,none,223,462
5693-5,1435685239408,base,0,2,0,0,93.75,506.25,none,none,232,462
5693-5,1435685239426,base,0,2,0,0,93.75,506.25,none,none,239,459
5693-5,1435685239443,base,0,2,0,0,93.75,506.25,none,none,245,453
5693-5,1435685239459,base,0,2,0,0,93.75,506.25,none,none,252,446
5693-5,1435685239476,base,0,2,0,0,93.75,506.25,none,none,260,437
5693-5,1435685239493,base,0,2,0,0,93.75,506.25,none,none,265,431
5693-5,1435685239510,base,0,2,0,0,93.75,506.25,none,none,268,427
5693-5,1435685239528,base,0,2,0,0,93.75,506.25,none,none,272,419
5693-5,1435685239545,base,0,2,0,0,93.75,506.25,none,none,275,413
5693-5,1435685239561,base,0,2,0,0,93.75,506.25,none,none,278,408
5693-5,1435685239579,base,0,2,0,0,93.75,506.25,none,none,280,401
5693-5,1435685239596,base,0,2,0,0,93.75,506.25,none,none,282,393
5693-5,1435685239613,base,0,2,0,0,93.75,506.25,none,none,284,384
5693-5,1435685239630,base,0,2,0,0,93.75,506.25,none,none,285,378
5693-5,1435685239647,base,0,2,0,0,93.75,506.25,none,none,288,370
5693-5,1435685239663,base,0,2,0,0,93.75,506.25,none,none,288,368
5693-5,1435685239680,base,0,2,0,0,93.75,506.25,none,none,288,367
5693-5,1435685239698,base,0,2,0,0,93.75,506.25,none,none,288,366
5693-5,1435685240265,base,0,2,0,0,93.75,506.25,none,none,287,368
5693-5,1435685240282,base,0,2,0,0,93.75,506.25,none,none,284,373
5693-5,1435685240299,base,0,2,0,0,93.75,506.25,none,none,281,380
5693-5,1435685240316,base,0,2,0,0,93.75,506.25,none,none,277,390
5693-5,1435685240333,base,0,2,0,0,93.75,506.25,none,none,273,401
5693-5,1435685240351,base,0,2,0,0,93.75,506.25,none,none,270,411
5693-5,1435685240368,base,0,2,0,0,93.75,506.25,none,none,267,420
5693-5,1435685240384,base,0,2,0,0,93.75,506.25,none,none,262,430
5693-5,1435685240402,base,0,2,0,0,93.75,506.25,none,none,259,438
5693-5,1435685240418,base,0,2,0,0,93.75,506.25,none,none,253,447
5693-5,1435685240434,base,0,2,0,0,93.75,506.25,none,none,249,456
5693-5,1435685240452,base,0,2,0,0,93.75,506.25,none,none,243,463
5693-5,1435685240469,base,0,2,0,0,93.75,506.25,none,none,239,471
5693-5,1435685240486,base,0,2,0,0,93.75,506.25,none,none,231,478
5693-5,1435685240503,base,0,2,0,0,93.75,506.25,none,none,221,487
5693-5,1435685240520,base,0,2,0,0,93.75,506.25,none,none,212,492
5693-5,1435685240537,base,0,2,0,0,93.75,506.25,none,none,202,498
5693-5,1435685240554,base,0,2,0,0,93.75,506.25,none,none,193,502
5693-5,1435685240571,base,0,2,0,0,93.75,506.25,none,none,184,505
5693-5,1435685240588,base,0,2,0,0,93.75,506.25,none,none,176,508
5693-5,1435685240606,base,0,2,0,0,93.75,506.25,none,none,168,509
5693-5,1435685240623,base,0,2,0,0,93.75,506.25,none,none,159,509
5693-5,1435685240641,base,0,2,0,0,93.75,506.25,none,none,150,509
5693-5,1435685240657,base,0,2,0,0,93.75,506.25,none,none,143,507
5693-5,1435685240674,base,0,2,0,0,93.75,506.25,none,none,137,501
5693-5,1435685240692,base,0,2,0,0,93.75,506.25,none,none,130,495
5693-5,1435685240709,base,0,2,0,0,93.75,506.25,none,none,125,491
5693-5,1435685240727,base,0,2,0,0,93.75,506.25,none,none,121,489
5693-5,1435685240743,base,0,2,0,0,93.75,506.25,none,none,118,485
5693-5,1435685240760,base,0,2,0,0,93.75,506.25,none,none,115,481
5693-5,1435685240778,base,0,2,0,0,93.75,506.25,none,none,113,477
5693-5,1435685240796,base,0,2,0,0,93.75,506.25,none,none,112,472
5693-5,1435685240813,base,0,2,0,0,93.75,506.25,none,none,112,464
5693-5,1435685240829,base,0,2,0,0,93.75,506.25,none,none,112,457
5693-5,1435685240846,base,0,2,0,0,93.75,506.25,none,none,112,453
5693-5,1435685240864,base,0,2,0,0,93.75,506.25,none,none,115,449
5693-5,1435685240881,base,0,2,0,0,93.75,506.25,none,none,118,447
5693-5,1435685240898,base,0,2,0,0,93.75,506.25,none,none,121,446
5693-5,1435685240915,base,0,2,0,0,93.75,506.25,none,none,125,446
5693-5,1435685240934,base,0,2,0,0,93.75,506.25,none,none,127,446
5693-5,1435685240950,base,0,2,0,0,93.75,506.25,none,none,129,448
5693-5,1435685240967,base,0,2,0,0,93.75,506.25,none,none,130,454
5693-5,1435685240984,base,0,2,0,0,93.75,506.25,none,none,132,461
5693-5,1435685241001,base,0,2,0,0,93.75,506.25,none,none,133,468
5693-5,1435685241019,base,0,2,0,0,93.75,506.25,none,none,133,473
5693-5,1435685241035,base,0,2,0,0,93.75,506.25,none,none,133,478
5693-5,1435685241052,base,0,2,0,0,93.75,506.25,none,none,133,481
5693-5,1435685241069,base,0,2,0,0,93.75,506.25,none,none,133,485
5693-5,1435685241087,base,0,2,0,0,93.75,506.25,none,none,133,488
5693-5,1435685241103,base,0,2,0,0,93.75,506.25,none,none,133,490
5693-5,1435685241120,base,0,2,0,0,93.75,506.25,none,none,132,491
5693-5,1435685241137,base,0,2,0,0,93.75,506.25,none,none,131,493
5693-5,1435685241154,base,0,2,0,0,93.75,506.25,none,none,129,494
5693-5,1435685241171,base,0,2,0,0,93.75,506.25,none,none,126,497
5693-5,1435685241189,base,0,2,0,0,93.75,506.25,none,none,120,499
5693-5,1435685241205,base,0,2,0,0,93.75,506.25,none,none,116,500
5693-5,1435685241222,base,0,2,0,0,93.75,506.25,none,none,110,502
5693-5,1435685241240,base,0,2,0,0,93.75,506.25,none,none,106,502
5693-5,1435685241257,base,0,2,0,0,93.75,506.25,none,none,102,502
5693-5,1435685241274,base,0,2,0,0,93.75,506.25,none,none,99,502
5693-5,1435685241291,base,0,2,0,0,93.75,506.25,none,none,96,502
5693-5,1435685241309,base,0,2,0,0,93.75,506.25,none,none,93,502
5693-5,1435685241326,base,0,2,0,0,93.75,506.25,none,none,91,501
5693-5,1435685241342,base,0,2,0,0,93.75,506.25,none,none,89,498
5693-5,1435685241359,base,0,2,0,0,93.75,506.25,none,none,88,494
5693-5,1435685241376,base,0,2,0,0,93.75,506.25,none,none,88,490
5693-5,1435685241393,base,0,2,0,0,93.75,506.25,none,none,88,484
5693-5,1435685241410,base,0,2,0,0,93.75,506.25,none,none,88,477
5693-5,1435685241427,base,0,2,0,0,93.75,506.25,none,none,88,466
5693-5,1435685241445,base,0,2,0,0,93.75,506.25,none,none,90,456
5693-5,1435685241462,base,0,2,0,0,93.75,506.25,none,none,95,443
5693-5,1435685241479,base,0,2,0,0,93.75,506.25,none,none,99,436
5693-5,1435685241496,base,0,2,0,0,93.75,506.25,none,none,103,428
5693-5,1435685241513,base,0,2,0,0,93.75,506.25,none,none,112,416
5693-5,1435685241530,base,0,2,0,0,93.75,506.25,none,none,120,402
5693-5,1435685241547,base,0,2,0,0,93.75,506.25,none,none,128,388
5693-5,1435685241566,base,0,2,0,0,93.75,506.25,none,none,139,370
5693-5,1435685241581,base,0,2,0,0,93.75,506.25,none,none,147,359
5693-5,1435685241598,base,0,2,0,0,93.75,506.25,none,none,154,348
5693-5,1435685241615,base,0,2,0,0,93.75,506.25,none,none,162,337
5693-5,1435685241633,base,0,2,0,0,93.75,506.25,none,none,166,331
5693-5,1435685241995,base,0,2,0,0,93.75,506.25,none,none,166,330
5693-5,1435685242011,base,0,2,0,0,93.75,506.25,none,none,158,311
5693-5,1435685242028,base,0,2,0,0,93.75,506.25,none,none,148,286
5693-5,1435685242045,base,0,2,0,0,93.75,506.25,none,none,141,257
5693-5,1435685242062,base,0,2,0,0,93.75,506.25,none,none,136,230
5693-5,1435685242080,base,0,2,0,0,93.75,506.25,none,none,132,215
5693-5,1435685242097,base,0,2,0,0,93.75,506.25,none,none,129,193
5693-5,1435685242113,base,0,2,0,0,93.75,506.25,none,none,127,175
5693-5,1435685242130,base,0,2,0,0,93.75,506.25,none,none,126,161
5693-5,1435685242146,base,0,2,0,0,93.75,506.25,none,none,126,151
5693-5,1435685242164,base,0,2,0,0,93.75,506.25,none,none,125,145
5693-5,1435685242181,base,0,2,0,0,93.75,506.25,none,none,125,140
5693-5,1435685242199,base,0,2,0,0,93.75,506.25,none,none,123,137
5693-5,1435685242216,base,0,2,0,0,93.75,506.25,none,none,123,135
5693-5,1435685242233,base,0,2,0,0,93.75,506.25,none,none,123,134
5693-5,1435685242250,base,0,2,0,0,93.75,506.25,none,none,123,133
5693-5,1435685242267,base,0,2,0,0,93.75,506.25,none,none,123,130
5693-5,1435685242284,base,0,2,0,0,93.75,506.25,none,none,123,128
5693-5,1435685242300,base,0,2,0,0,93.75,506.25,none,none,123,127
5693-5,1435685242449,base,0,2,0,0,93.75,506.25,none,none,123,128
5693-5,1435685242466,base,0,2,0,0,93.75,506.25,none,none,121,138
5693-5,1435685242482,base,0,2,0,0,93.75,506.25,none,none,109,161
5693-5,1435685242499,base,0,2,0,0,93.75,506.25,none,none,100,183
5693-5,1435685242516,base,0,2,0,0,93.75,506.25,none,none,82,229
5693-5,1435685242533,base,0,2,0,0,93.75,506.25,none,none,71,270
5693-5,1435685242550,base,0,2,0,0,93.75,506.25,none,none,65,301
5693-5,1435685242567,base,0,2,0,0,93.75,506.25,none,none,57,338
5693-5,1435685242584,base,0,2,0,0,93.75,506.25,none,none,54,372
5693-5,1435685242601,base,0,2,0,0,93.75,506.25,none,none,50,404
5693-5,1435685242617,base,0,2,0,0,93.75,506.25,none,none,48,432
5693-5,1435685242634,base,0,2,0,0,93.75,506.25,none,none,47,452
5693-5,1435685242652,base,0,2,0,0,93.75,506.25,none,none,47,475
5693-5,1435685242668,base,0,2,0,0,93.75,506.25,none,none,47,490
5693-5,1435685242685,base,0,2,0,0,93.75,506.25,none,none,47,500
5693-5,1435685242702,base,0,2,0,0,93.75,506.25,none,none,49,508
5693-5,1435685242720,base,0,2,0,0,93.75,506.25,none,none,51,510
5693-5,1435685242737,base,0,2,0,0,93.75,506.25,none,none,54,512
5693-5,1435685242957,base,0,2,0,0,93.75,506.25,none,none,55,512
5693-5,1435685242973,base,0,2,0,0,93.75,506.25,none,none,58,512
5693-5,1435685242990,base,0,2,0,0,93.75,506.25,none,none,65,512
5693-5,1435685243007,base,0,2,0,0,93.75,506.25,none,none,71,512
5693-5,1435685243024,base,0,2,0,0,93.75,506.25,none,none,78,513
5693-5,1435685243041,base,0,2,0,0,93.75,506.25,none,none,82,513
5693-5,1435685243059,base,0,2,0,0,93.75,506.25,none,none,86,514
5693-5,1435685243075,base,0,2,0,0,93.75,506.25,none,none,87,514
5693-5,1435685243092,base,0,2,0,0,93.75,506.25,none,none,88,514
5693-5,1435685243301,base,0,2,0,0,93.75,506.25,none,none,90,514
5693-5,1435685243317,base,0,2,0,0,96,506,none,none,98,514
5693-5,1435685243334,base,0,2,0,0,104,506,none,none,106,514
5693-5,1435685243351,base,0,2,0,0,112,506,none,none,119,512
5693-5,1435685243368,base,0,2,0,0,125,504,none,none,132,511
5693-5,1435685243385,base,0,2,0,0,138,503,none,none,149,510
5693-5,1435685243402,base,0,2,0,0,155,502,none,none,161,510
5693-5,1435685243418,base,0,2,0,0,167,502,none,none,172,509
5693-5,1435685243435,base,0,2,0,0,178,501,none,none,179,509
5693-5,1435685243452,base,0,2,0,0,185,501,none,none,183,509
5693-5,1435685243469,base,0,2,0,0,189,501,none,none,186,509
5693-5,1435685243486,base,0,2,0,0,192,501,none,none,189,509
5693-5,1435685243503,base,0,2,0,0,195,501,none,none,191,509
5693-5,1435685243520,base,0,2,0,0,197,501,none,none,193,509
5693-5,1435685243537,base,0,2,0,0,199,501,none,none,198,508
5693-5,1435685243553,base,0,2,0,0,204,500,none,none,204,507
5693-5,1435685243570,base,0,2,0,0,210,499,none,none,211,504
5693-5,1435685243587,base,0,2,0,0,217,496,none,none,217,503
5693-5,1435685243604,base,0,2,0,0,223,495,none,none,222,501
5693-5,1435685243621,base,0,2,0,0,228,493,none,none,227,500
5693-5,1435685243638,base,0,2,0,0,233,492,none,none,229,500
5693-5,1435685243655,base,0,2,0,0,235,492,none,none,232,500
5693-5,1435685243687,base,0,2,0,0,238,492,none,none,233,500
5693-5,1435685243741,base,0,2,0,0,239,492,none,none,233,500
5693-5,1435685243765,base,0,2,0,0,239,492,none,none,234,500
5693-5,1435685243797,base,0,2,0,0,240,492,none,none,237,500
5693-5,1435685243814,base,0,2,0,0,243,492,none,none,237,501
5693-5,1435685243867,base,0,2,0,0,243,493,none,none,237,502
5693-5,1435685243891,base,0,2,0,0,243,494,none,none,237,502
5693-5,1435685243907,base,0,2,0,0,243,494,none,none,237,503
5693-5,1435685243927,base,0,2,0,0,243,495,none,none,237,507
5693-5,1435685243944,base,0,2,0,0,243,499,none,none,234,510
5693-5,1435685243961,base,0,2,0,0,240,502,none,none,232,511
5693-5,1435685243978,base,0,2,0,0,238,503,none,none,230,513
5693-5,1435685243994,base,0,2,0,0,236,505,none,none,229,514
5693-5,1435685244011,base,0,2,0,0,235,506,none,none,228,515
5693-5,1435685244027,base,0,2,0,0,234,507,none,none,227,515
5693-5,1435685244101,base,0,2,0,0,233,507,none,none,226,515
5693-5,1435685244133,base,0,2,0,0,232,507,none,none,226,515
5693-5,1435685244149,base,0,2,0,0,232,507,none,none,224,515
5693-5,1435685244181,base,0,2,0,0,230,507,none,none,223,515
5693-5,1435685244211,base,0,2,0,0,229,507,none,none,222,515
5693-5,1435685251661,base,0,2,1,0,368.75,93.75,none,none,294,297
5693-5,1435685251677,base,0,2,1,0,368.75,93.75,none,none,294,281
5693-5,1435685251694,base,0,2,1,0,368.75,93.75,none,none,294,251
5693-5,1435685251711,base,0,2,1,0,368.75,93.75,none,none,294,206
5693-5,1435685251728,base,0,2,1,0,368.75,93.75,none,none,302,153
5693-5,1435685251746,base,0,2,1,0,368.75,93.75,none,none,314,94
5693-5,1435685251763,base,0,2,1,0,368.75,93.75,none,none,325,58
5693-5,1435685251779,base,0,2,1,0,368.75,93.75,none,none,333,31
5693-5,1435685251796,base,0,2,1,0,368.75,93.75,none,none,338,17
5693-5,1435685251813,base,0,2,1,0,368.75,93.75,none,none,343,6
5693-5,1435685251830,base,0,2,1,0,368.75,93.75,none,none,346,-1
5693-5,1435685252474,base,0,2,1,0,368.75,93.75,none,none,376,9
5693-5,1435685252491,base,0,2,1,0,368.75,93.75,none,none,363,69
5693-5,1435685252508,base,0,2,1,0,368.75,93.75,none,none,353,108
5693-5,1435685252524,base,0,2,1,0,368.75,93.75,none,none,348,146
5693-5,1435685252541,base,0,2,1,0,368.75,93.75,none,none,341,177
5693-5,1435685252558,base,0,2,1,0,368.75,93.75,none,none,338,197
5693-5,1435685252576,base,0,2,1,0,368.75,93.75,none,none,334,220
5693-5,1435685252592,base,0,2,1,0,368.75,93.75,none,none,332,236
5693-5,1435685252609,base,0,2,1,0,368.75,93.75,none,none,330,246
5693-5,1435685252627,base,0,2,1,0,368.75,93.75,none,none,328,252
5693-5,1435685252644,base,0,2,1,0,368.75,93.75,none,none,326,259
5693-5,1435685252661,base,0,2,1,0,368.75,93.75,none,none,325,264
5693-5,1435685252678,base,0,2,1,0,368.75,93.75,none,none,324,267
5693-5,1435685252695,base,0,2,1,0,368.75,93.75,none,none,322,271
5693-5,1435685252712,base,0,2,1,0,368.75,93.75,none,none,321,278
5693-5,1435685252729,base,0,2,1,0,368.75,93.75,none,none,317,282
5693-5,1435685252746,base,0,2,1,0,368.75,93.75,none,none,313,288
5693-5,1435685252764,base,0,2,1,0,368.75,93.75,none,none,310,292
5693-5,1435685252781,base,0,2,1,0,368.75,93.75,none,none,303,296
5693-5,1435685252797,base,0,2,1,0,368.75,93.75,none,none,295,301
5693-5,1435685252814,base,0,2,1,0,368.75,93.75,none,none,288,303
5693-5,1435685252831,base,0,2,1,0,368.75,93.75,none,none,277,305
5693-5,1435685252848,base,0,2,1,0,368.75,93.75,none,none,261,305
5693-5,1435685252865,base,0,2,1,0,368.75,93.75,none,none,249,301
5693-5,1435685252881,base,0,2,1,0,368.75,93.75,none,none,238,291
5693-5,1435685252898,base,0,2,1,0,368.75,93.75,none,none,226,278
5693-5,1435685252915,base,0,2,1,0,368.75,93.75,none,none,216,261
5693-5,1435685252932,base,0,2,1,0,368.75,93.75,none,none,210,246
5693-5,1435685252950,base,0,2,1,0,368.75,93.75,none,none,206,228
5693-5,1435685252966,base,0,2,1,0,368.75,93.75,none,none,201,199
5693-5,1435685252983,base,0,2,1,0,368.75,93.75,none,none,201,177
5693-5,1435685253000,base,0,2,1,0,368.75,93.75,none,none,202,167
5693-5,1435685253017,base,0,2,1,0,368.75,93.75,none,none,210,156
5693-5,1435685253034,base,0,2,1,0,368.75,93.75,none,none,223,151
5693-5,1435685253052,base,0,2,1,0,368.75,93.75,none,none,243,151
5693-5,1435685253069,base,0,2,1,0,368.75,93.75,none,none,268,170
5693-5,1435685253088,base,0,2,1,0,368.75,93.75,none,none,297,196
5693-5,1435685253103,base,0,2,1,0,368.75,93.75,none,none,330,222
5693-5,1435685253120,base,0,2,1,0,368.75,93.75,none,none,352,237
5693-5,1435685253137,base,0,2,1,0,368.75,93.75,none,none,380,250
5693-5,1435685253155,base,0,2,1,0,368.75,93.75,none,none,402,255
5693-5,1435685253171,base,0,2,1,0,368.75,93.75,none,none,424,255
5693-5,1435685253188,base,0,2,1,0,368.75,93.75,none,none,441,241
5693-5,1435685253205,base,0,2,1,0,368.75,93.75,none,none,453,224
5693-5,1435685253222,base,0,2,1,0,368.75,93.75,none,none,463,198
5693-5,1435685253239,base,0,2,1,0,368.75,93.75,none,none,471,165
5693-5,1435685253257,base,0,2,1,0,368.75,93.75,none,none,476,107
5693-5,1435685253273,base,0,2,1,0,368.75,93.75,none,none,476,70
5693-5,1435685253290,base,0,2,1,0,368.75,93.75,none,none,471,39
5693-5,1435685253308,base,0,2,1,0,368.75,93.75,none,none,460,26
5693-5,1435685253324,base,0,2,1,0,368.75,93.75,none,none,449,17
5693-5,1435685253341,base,0,2,1,0,368.75,93.75,none,none,431,15
5693-5,1435685253359,base,0,2,1,0,368.75,93.75,none,none,419,21
5693-5,1435685253375,base,0,2,1,0,368.75,93.75,none,none,406,37
5693-5,1435685253392,base,0,2,1,0,368.75,93.75,none,none,394,65
5693-5,1435685253409,base,0,2,1,0,368.75,93.75,none,none,385,96
5693-5,1435685253426,base,0,2,1,0,368.75,93.75,none,none,376,149
5693-5,1435685253443,base,0,2,1,0,368.75,93.75,none,none,373,181
5693-5,1435685253461,base,0,2,1,0,368.75,93.75,none,none,370,222
5693-5,1435685253477,base,0,2,1,0,368.75,93.75,none,none,368,250
5693-5,1435685253494,base,0,2,1,0,368.75,93.75,none,none,365,276
5693-5,1435685253512,base,0,2,1,0,368.75,93.75,none,none,360,300
5693-5,1435685253529,base,0,2,1,0,368.75,93.75,none,none,351,316
5693-5,1435685253545,base,0,2,1,0,368.75,93.75,none,none,339,330
5693-5,1435685253562,base,0,2,1,0,368.75,93.75,none,none,326,339
5693-5,1435685253579,base,0,2,1,0,368.75,93.75,none,none,301,346
5693-5,1435685253596,base,0,2,1,0,368.75,93.75,none,none,272,346
5693-5,1435685253613,base,0,2,1,0,368.75,93.75,none,none,245,330
5693-5,1435685253630,base,0,2,1,0,368.75,93.75,none,none,218,299
5693-5,1435685253648,base,0,2,1,0,368.75,93.75,none,none,192,252
5693-5,1435685253665,base,0,2,1,0,368.75,93.75,none,none,178,217
5693-5,1435685253681,base,0,2,1,0,368.75,93.75,none,none,170,194
5693-5,1435685253698,base,0,2,1,0,368.75,93.75,none,none,164,176
5693-5,1435685253715,base,0,2,1,0,368.75,93.75,none,none,163,167
5693-5,1435685253733,base,0,2,1,0,368.75,93.75,none,none,166,167
5693-5,1435685253749,base,0,2,1,0,368.75,93.75,none,none,182,170
5693-5,1435685253765,base,0,2,1,0,368.75,93.75,none,none,207,180
5693-5,1435685253783,base,0,2,1,0,368.75,93.75,none,none,244,188
5693-5,1435685253800,base,0,2,1,0,368.75,93.75,none,none,279,196
5693-5,1435685253817,base,0,2,1,0,368.75,93.75,none,none,309,203
5693-5,1435685253833,base,0,2,1,0,368.75,93.75,none,none,331,208
5693-5,1435685253850,base,0,2,1,0,368.75,93.75,none,none,350,211
5693-5,1435685253867,base,0,2,1,0,368.75,93.75,none,none,364,211
5693-5,1435685253883,base,0,2,1,0,368.75,93.75,none,none,374,211
5693-5,1435685253901,base,0,2,1,0,368.75,93.75,none,none,384,209
5693-5,1435685253917,base,0,2,1,0,368.75,93.75,none,none,391,206
5693-5,1435685253935,base,0,2,1,0,368.75,93.75,none,none,398,201
5693-5,1435685253952,base,0,2,1,0,368.75,93.75,none,none,405,196
5693-5,1435685253969,base,0,2,1,0,368.75,93.75,none,none,409,190
5693-5,1435685253985,base,0,2,1,0,368.75,93.75,none,none,411,183
5693-5,1435685254165,base,0,2,1,0,368.75,93.75,none,none,413,183
5693-5,1435685254181,base,0,2,1,0,368.75,93.75,none,none,432,177
5693-5,1435685254198,base,0,2,1,0,368.75,93.75,none,none,462,167
5693-5,1435685254216,base,0,2,1,0,368.75,93.75,none,none,538,139
5693-5,1435685257208,base,0,2,1,0,368.75,93.75,none,none,555,158
5693-5,1435685257209,base,0,2,1,0,368.75,93.75,none,none,555,158
5693-5,1435685257225,base,0,2,1,0,368.75,93.75,none,none,469,224
5693-5,1435685257241,base,0,2,1,0,368.75,93.75,none,none,380,296
5693-5,1435685257258,base,0,2,1,0,368.75,93.75,none,none,354,313
5693-5,1435685257276,base,0,2,1,0,368.75,93.75,none,none,322,332
5693-5,1435685257293,base,0,2,1,0,368.75,93.75,none,none,293,346
5693-5,1435685257311,base,0,2,1,0,368.75,93.75,none,none,280,348
5693-5,1435685257327,base,0,2,1,0,368.75,93.75,none,none,271,347
5693-5,1435685257344,base,0,2,1,0,368.75,93.75,none,none,265,337
5693-5,1435685257361,base,0,2,1,0,368.75,93.75,none,none,264,318
5693-5,1435685257378,base,0,2,1,0,368.75,93.75,none,none,264,292
5693-5,1435685257395,base,0,2,1,0,368.75,93.75,none,none,265,264
5693-5,1435685257412,base,0,2,1,0,368.75,93.75,none,none,272,235
5693-5,1435685257428,base,0,2,1,0,368.75,93.75,none,none,277,225
5693-5,1435685257446,base,0,2,1,0,368.75,93.75,none,none,284,211
5693-5,1435685257463,base,0,2,1,0,368.75,93.75,none,none,293,210
5693-5,1435685257480,base,0,2,1,0,368.75,93.75,none,none,305,224
5693-5,1435685257497,base,0,2,1,0,368.75,93.75,none,none,322,252
5693-5,1435685257514,base,0,2,1,0,368.75,93.75,none,none,336,300
5693-5,1435685257532,base,0,2,1,0,368.75,93.75,none,none,343,350
5693-5,1435685257549,base,0,2,1,0,368.75,93.75,none,none,346,411
5693-5,1435685257566,base,0,2,1,0,368.75,93.75,none,none,345,447
5693-5,1435685257583,base,0,2,1,0,368.75,93.75,none,none,336,461
5693-5,1435685257600,base,0,2,1,0,368.75,93.75,none,none,321,469
5693-5,1435685257617,base,0,2,1,0,368.75,93.75,none,none,308,469
5693-5,1435685257633,base,0,2,1,0,368.75,93.75,none,none,291,440
5693-5,1435685257656,base,0,2,1,0,368.75,93.75,none,none,280,390
5693-5,1435685257667,base,0,2,1,0,368.75,93.75,none,none,277,310
5693-5,1435685257685,base,0,2,1,0,368.75,93.75,none,none,277,224
5693-5,1435685257702,base,0,2,1,0,368.75,93.75,none,none,278,173
5693-5,1435685257718,base,0,2,1,0,368.75,93.75,none,none,288,150
5693-5,1435685257735,base,0,2,1,0,368.75,93.75,none,none,304,138
5693-5,1435685257752,base,0,2,1,0,368.75,93.75,none,none,324,140
5693-5,1435685257769,base,0,2,1,0,368.75,93.75,none,none,344,169
5693-5,1435685257787,base,0,2,1,0,368.75,93.75,none,none,361,217
5693-5,1435685257803,base,0,2,1,0,368.75,93.75,none,none,372,266
5693-5,1435685257820,base,0,2,1,0,368.75,93.75,none,none,381,332
5693-5,1435685257837,base,0,2,1,0,368.75,93.75,none,none,383,366
5693-5,1435685257854,base,0,2,1,0,368.75,93.75,none,none,385,388
5693-5,1435685257871,base,0,2,1,0,368.75,93.75,none,none,386,401
5693-5,1435685257888,base,0,2,1,0,368.75,93.75,none,none,388,408
5693-5,1435685257904,base,0,2,1,0,368.75,93.75,none,none,391,404
5693-5,1435685257921,base,0,2,1,0,368.75,93.75,none,none,401,379
5693-5,1435685257939,base,0,2,1,0,368.75,93.75,none,none,413,348
5693-5,1435685257955,base,0,2,1,0,368.75,93.75,none,none,429,308
5693-5,1435685257973,base,0,2,1,0,368.75,93.75,none,none,444,260
5693-5,1435685257990,base,0,2,1,0,368.75,93.75,none,none,453,208
5693-5,1435685258007,base,0,2,1,0,368.75,93.75,none,none,455,153
5693-5,1435685258023,base,0,2,1,0,368.75,93.75,none,none,453,118
5693-5,1435685258043,base,0,2,1,0,368.75,93.75,none,none,445,95
5693-5,1435685258057,base,0,2,1,0,368.75,93.75,none,none,434,78
5693-5,1435685258075,base,0,2,1,0,368.75,93.75,none,none,416,72
5693-5,1435685258092,base,0,2,1,0,368.75,93.75,none,none,401,73
5693-5,1435685258109,base,0,2,1,0,368.75,93.75,none,none,385,86
5693-5,1435685258125,base,0,2,1,0,368.75,93.75,none,none,373,104
5693-5,1435685258142,base,0,2,1,0,368.75,93.75,none,none,365,125
5693-5,1435685258159,base,0,2,1,0,368.75,93.75,none,none,363,153
5693-5,1435685258177,base,0,2,1,0,368.75,93.75,none,none,363,184
5693-5,1435685258194,base,0,2,1,0,368.75,93.75,none,none,365,239
5693-5,1435685258210,base,0,2,1,0,368.75,93.75,none,none,372,278
5693-5,1435685258227,base,0,2,1,0,368.75,93.75,none,none,375,319
5693-5,1435685258244,base,0,2,1,0,368.75,93.75,none,none,376,356
5693-5,1435685258261,base,0,2,1,0,368.75,93.75,none,none,376,380
5693-5,1435685258279,base,0,2,1,0,368.75,93.75,none,none,368,398
5693-5,1435685258297,base,0,2,1,0,368.75,93.75,none,none,355,409
5693-5,1435685258313,base,0,2,1,0,368.75,93.75,none,none,336,414
5693-5,1435685258330,base,0,2,1,0,368.75,93.75,none,none,303,414
5693-5,1435685258348,base,0,2,1,0,368.75,93.75,none,none,270,400
5693-5,1435685258365,base,0,2,1,0,368.75,93.75,none,none,240,372
5693-5,1435685258383,base,0,2,1,0,368.75,93.75,none,none,224,349
5693-5,1435685258400,base,0,2,1,0,368.75,93.75,none,none,214,331
5693-5,1435685258417,base,0,2,1,0,368.75,93.75,none,none,211,322
5693-5,1435685258433,base,0,2,1,0,368.75,93.75,none,none,208,313
5693-5,1435685258450,base,0,2,1,0,368.75,93.75,none,none,207,310
5693-5,1435685258467,base,0,2,1,0,368.75,93.75,none,none,207,309
5693-5,1435685258490,base,0,2,1,0,368.75,93.75,none,none,209,309
5693-5,1435685258507,base,0,2,1,0,368.75,93.75,none,none,219,309
5693-5,1435685258524,base,0,2,1,0,368.75,93.75,none,none,238,310
5693-5,1435685258543,base,0,2,1,0,368.75,93.75,none,none,247,312
5693-5,1435685258977,base,0,2,1,0,368.75,93.75,none,none,244,312
5693-5,1435685258993,base,0,2,1,0,368.75,93.75,none,none,234,303
5693-5,1435685259010,base,0,2,1,0,368.75,93.75,none,none,218,284
5693-5,1435685259028,base,0,2,1,0,368.75,93.75,none,none,194,252
5693-5,1435685259044,base,0,2,1,0,368.75,93.75,none,none,182,224
5693-5,1435685259062,base,0,2,1,0,368.75,93.75,none,none,170,183
5693-5,1435685259079,base,0,2,1,0,368.75,93.75,none,none,167,146
5693-5,1435685259095,base,0,2,1,0,368.75,93.75,none,none,167,133
5693-5,1435685259112,base,0,2,1,0,368.75,93.75,none,none,167,116
5693-5,1435685259129,base,0,2,1,0,368.75,93.75,none,none,177,113
5693-5,1435685259147,base,0,2,1,0,368.75,93.75,none,none,188,113
5693-5,1435685259165,base,0,2,1,0,368.75,93.75,none,none,206,122
5693-5,1435685259181,base,0,2,1,0,368.75,93.75,none,none,223,138
5693-5,1435685259198,base,0,2,1,0,368.75,93.75,none,none,242,158
5693-5,1435685259215,base,0,2,1,0,368.75,93.75,none,none,255,176
5693-5,1435685259232,base,0,2,1,0,368.75,93.75,none,none,268,195
5693-5,1435685259249,base,0,2,1,0,368.75,93.75,none,none,278,216
5693-5,1435685259266,base,0,2,1,0,368.75,93.75,none,none,285,248
5693-5,1435685259282,base,0,2,1,0,368.75,93.75,none,none,287,286
5693-5,1435685259300,base,0,2,1,0,368.75,93.75,none,none,279,319
5693-5,1435685259317,base,0,2,1,0,368.75,93.75,none,none,259,368
5693-5,1435685259333,base,0,2,1,0,368.75,93.75,none,none,243,389
5693-5,1435685259350,base,0,2,1,0,368.75,93.75,none,none,220,409
5693-5,1435685259367,base,0,2,1,0,368.75,93.75,none,none,184,422
5693-5,1435685259384,base,0,2,1,0,368.75,93.75,none,none,149,423
5693-5,1435685259401,base,0,2,1,0,368.75,93.75,none,none,100,396
5693-5,1435685259418,base,0,2,1,0,368.75,93.75,none,none,60,327
5693-5,1435685259435,base,0,2,1,0,368.75,93.75,none,none,39,252
5693-5,1435685259452,base,0,2,1,0,368.75,93.75,none,none,21,133
5693-5,1435685259469,base,0,2,1,0,368.75,93.75,none,none,20,53
5693-5,1435685259486,base,0,2,1,0,368.75,93.75,none,none,20,15
5693-5,1435685275426,base,0,2,1,0,368.75,93.75,none,none,386,154
5693-5,1435685275442,base,0,2,1,0,368.75,93.75,none,none,373,155
5693-5,1435685275459,base,0,2,1,0,368.75,93.75,none,none,363,155
5693-5,1435685275476,base,0,2,1,0,368.75,93.75,none,none,353,155
5693-5,1435685275493,base,0,2,1,0,368.75,93.75,none,none,345,150
5693-5,1435685275511,base,0,2,1,0,368.75,93.75,none,none,341,146
5693-5,1435685275528,base,0,2,1,0,368.75,93.75,none,none,335,143
5693-5,1435685275544,base,0,2,1,0,368.75,93.75,none,none,333,141
5693-5,1435685275561,base,0,2,1,0,368.75,93.75,none,none,334,153
5693-5,1435685275578,base,0,2,1,0,368.75,93.75,none,none,340,163
5693-5,1435685275595,base,0,2,1,0,368.75,93.75,none,none,350,183
5693-5,1435685275612,base,0,2,1,0,368.75,93.75,none,none,356,199
5693-5,1435685275629,base,0,2,1,0,368.75,93.75,none,none,363,213
5693-5,1435685275646,base,0,2,1,0,368.75,93.75,none,none,369,230
5693-5,1435685275663,base,0,2,1,0,368.75,93.75,none,none,372,244
5693-5,1435685275680,base,0,2,1,0,368.75,93.75,none,none,374,250
5693-5,1435685275698,base,0,2,1,0,368.75,93.75,none,none,375,261
5693-5,1435685275715,base,0,2,1,0,368.75,93.75,none,none,376,271
5693-5,1435685275732,base,0,2,1,0,368.75,93.75,none,none,376,277
5693-5,1435685275749,base,0,2,1,0,368.75,93.75,none,none,375,281
5693-5,1435685275765,base,0,2,1,0,368.75,93.75,none,none,369,282
5693-5,1435685275783,base,0,2,1,0,368.75,93.75,none,none,355,276
5693-5,1435685275800,base,0,2,1,0,368.75,93.75,none,none,341,254
5693-5,1435685275816,base,0,2,1,0,368.75,93.75,none,none,325,209
5693-5,1435685275834,base,0,2,1,0,368.75,93.75,none,none,313,147
5693-5,1435685275849,base,0,2,1,0,368.75,93.75,none,none,312,104
5693-5,1435685275867,base,0,2,1,0,368.75,93.75,none,none,312,82
5693-5,1435685275883,base,0,2,1,0,368.75,93.75,none,none,312,62
5693-5,1435685275900,base,0,2,1,0,368.75,93.75,none,none,312,55
5693-5,1435685275918,base,0,2,1,0,368.75,93.75,none,none,314,53
5693-5,1435685275934,base,0,2,1,0,368.75,93.75,none,none,317,50
5693-5,1435685275951,base,0,2,1,0,368.75,93.75,none,none,319,50
5693-5,1435685275968,base,0,2,1,0,368.75,93.75,none,none,323,49
5693-5,1435685275985,base,0,2,1,0,368.75,93.75,none,none,326,49
5693-5,1435685276003,base,0,2,1,0,368.75,93.75,none,none,330,49
5693-5,1435685276020,base,0,2,1,0,368.75,93.75,none,none,332,52
5693-5,1435685276037,base,0,2,1,0,368.75,93.75,none,none,333,54
5693-5,1435685276055,base,0,2,1,0,368.75,93.75,none,none,334,56
5693-5,1435685276072,base,0,2,1,0,368.75,93.75,none,none,335,60
5693-5,1435685276088,base,0,2,1,0,368.75,93.75,none,none,336,64
5693-5,1435685276106,base,0,2,1,0,368.75,93.75,none,none,336,72
5693-5,1435685276122,base,0,2,1,0,368.75,93.75,none,none,336,77
5693-5,1435685276139,base,0,2,1,0,368.75,93.75,none,none,336,84
5693-5,1435685276156,base,0,2,1,0,368.75,93.75,none,none,338,88
5693-5,1435685276173,base,0,2,1,0,368.75,93.75,none,none,338,90
5693-5,1435685276189,base,0,2,1,0,368.75,93.75,none,none,339,93
5693-5,1435685276206,base,0,2,1,0,368.75,93.75,none,none,340,94
5693-5,1435685276228,base,0,2,1,0,368.75,93.75,none,none,340,95
5693-5,1435685276246,base,0,2,1,0,368.75,93.75,none,none,341,95
5693-5,1435685276306,base,0,2,1,0,368.75,93.75,none,none,342,95
5693-5,1435685276330,base,0,2,1,0,368.75,93.75,none,none,343,95
5693-5,1435685276346,base,0,2,1,0,368.75,93.75,none,none,344,95
5693-5,1435685276364,base,0,2,1,0,368.75,93.75,none,none,345,94
5693-5,1435685276381,base,0,2,1,0,368.75,93.75,none,none,346,93
5693-5,1435685276400,base,0,2,1,0,368.75,93.75,none,none,348,92
5693-5,1435685276416,base,0,2,1,0,368.75,93.75,none,none,349,92
5693-5,1435685276432,base,0,2,1,0,368.75,93.75,none,none,350,90
5693-5,1435685276620,base,0,2,1,0,368.75,93.75,none,none,348,90
5693-5,1435685276637,base,0,2,1,0,367,93.5,none,none,344,90
5693-5,1435685276654,base,0,2,1,0,363,93.5,none,none,341,90
5693-5,1435685276671,base,0,2,1,0,360,93.5,none,none,333,90
5693-5,1435685276688,base,0,2,1,0,352,93.5,none,none,328,90
5693-5,1435685276704,base,0,2,1,0,346,93.5,none,none,323,90
5693-5,1435685276721,base,0,2,1,0,341,93.5,none,none,313,90
5693-5,1435685276738,base,0,2,1,0,332,93.5,none,none,309,90
5693-5,1435685276755,base,0,2,1,0,328,93.5,none,none,304,90
5693-5,1435685276772,base,0,2,1,0,323,93.5,none,none,300,90
5693-5,1435685276790,base,0,2,1,0,319,93.5,none,none,295,90
5693-5,1435685276806,base,0,2,1,0,314,93.5,none,none,290,90
5693-5,1435685276823,base,0,2,1,0,309,93.5,none,none,285,89
5693-5,1435685276840,base,0,2,1,0,304,92.5,none,none,281,88
5693-5,1435685276857,base,0,2,1,0,300,91.5,none,none,277,88
5693-5,1435685276875,base,0,2,1,0,296,91.5,none,none,270,88
5693-5,1435685276892,base,0,2,1,0,289,91.5,none,none,265,88
5693-5,1435685276908,base,0,2,1,0,284,91.5,none,none,261,88
5693-5,1435685276925,base,0,2,1,0,280,91.5,none,none,258,88
5693-5,1435685276942,base,0,2,1,0,277,91.5,none,none,253,88
5693-5,1435685276959,base,0,2,1,0,272,91.5,none,none,250,88
5693-5,1435685276977,base,0,2,1,0,269,91.5,none,none,247,87
5693-5,1435685276994,base,0,2,1,0,266,90.5,none,none,243,87
5693-5,1435685277010,base,0,2,1,0,261,90.5,none,none,239,87
5693-5,1435685277027,base,0,2,1,0,257,90.5,none,none,237,87
5693-5,1435685277044,base,0,2,1,0,255,90.5,none,none,233,87
5693-5,1435685277061,base,0,2,1,0,252,90.5,none,none,231,87
5693-5,1435685277081,base,0,2,1,0,250,90.5,none,none,229,87
5693-5,1435685277098,base,0,2,1,0,248,90.5,none,none,227,87
5693-5,1435685277115,base,0,2,1,0,246,90.5,none,none,224,87
5693-5,1435685277130,base,0,2,1,0,243,90.5,none,none,223,87
5693-5,1435685277150,base,0,2,1,0,242,90.5,none,none,222,87
5693-5,1435685277164,base,0,2,1,0,241,90.5,none,none,221,87
5693-5,1435685277183,base,0,2,1,0,240,90.5,none,none,219,86
5693-5,1435685277199,base,0,2,1,0,238,89.5,none,none,218,86
5693-5,1435685277216,base,0,2,1,0,237,89.5,none,none,217,86
5693-5,1435685277231,base,0,2,1,0,236,89.5,none,none,216,86
5693-5,1435685277260,base,0,2,1,0,235,89.5,none,none,216,86
5693-5,1435685277277,base,0,2,1,0,235,89.5,none,none,216,85
5693-5,1435685277295,base,0,2,1,0,235,88.5,none,none,214,85
5693-5,1435685277329,base,0,2,1,0,233,88.5,none,none,213,85
5693-5,1435685281844,base,1,2,2,0,506.25,368.75,506.25,506.25,297,294
5693-5,1435685281860,base,1,2,2,0,506.25,368.75,506.25,506.25,294,286
5693-5,1435685281878,base,1,2,2,0,506.25,368.75,506.25,506.25,292,275
5693-5,1435685281894,base,1,2,2,0,506.25,368.75,506.25,506.25,291,256
5693-5,1435685281912,base,1,2,2,0,506.25,368.75,506.25,506.25,291,224
5693-5,1435685281929,base,1,2,2,0,506.25,368.75,506.25,506.25,291,177
5693-5,1435685281946,base,1,2,2,0,506.25,368.75,506.25,506.25,300,135
5693-5,1435685281963,base,1,2,2,0,506.25,368.75,506.25,506.25,307,89
5693-5,1435685281980,base,1,2,2,0,506.25,368.75,506.25,506.25,312,53
5693-5,1435685281997,base,1,2,2,0,506.25,368.75,506.25,506.25,317,31
5693-5,1435685282014,base,1,2,2,0,506.25,368.75,506.25,506.25,322,2
5693-5,1435685282708,base,1,2,2,0,506.25,368.75,506.25,506.25,314,41
5693-5,1435685282725,base,1,2,2,0,506.25,368.75,506.25,506.25,309,87
5693-5,1435685282743,base,1,2,2,0,506.25,368.75,506.25,506.25,303,136
5693-5,1435685282760,base,1,2,2,0,506.25,368.75,506.25,506.25,300,163
5693-5,1435685282777,base,1,2,2,0,506.25,368.75,506.25,506.25,297,180
5693-5,1435685282794,base,1,2,2,0,506.25,368.75,506.25,506.25,295,195
5693-5,1435685282811,base,1,2,2,0,506.25,368.75,506.25,506.25,292,205
5693-5,1435685282828,base,1,2,2,0,506.25,368.75,506.25,506.25,288,220
5693-5,1435685282844,base,1,2,2,0,506.25,368.75,506.25,506.25,283,235
5693-5,1435685282861,base,1,2,2,0,506.25,368.75,506.25,506.25,277,247
5693-5,1435685282878,base,1,2,2,0,506.25,368.75,506.25,506.25,268,257
5693-5,1435685282895,base,1,2,2,0,506.25,368.75,506.25,506.25,257,262
5693-5,1435685282913,base,1,2,2,0,506.25,368.75,506.25,506.25,244,265
5693-5,1435685282930,base,1,2,2,0,506.25,368.75,506.25,506.25,233,266
5693-5,1435685282946,base,1,2,2,0,506.25,368.75,506.25,506.25,219,262
5693-5,1435685282963,base,1,2,2,0,506.25,368.75,506.25,506.25,208,247
5693-5,1435685282981,base,1,2,2,0,506.25,368.75,506.25,506.25,196,222
5693-5,1435685282999,base,1,2,2,0,506.25,368.75,506.25,506.25,186,195
5693-5,1435685283016,base,1,2,2,0,506.25,368.75,506.25,506.25,181,175
5693-5,1435685283032,base,1,2,2,0,506.25,368.75,506.25,506.25,179,163
5693-5,1435685283049,base,1,2,2,0,506.25,368.75,506.25,506.25,178,153
5693-5,1435685283066,base,1,2,2,0,506.25,368.75,506.25,506.25,178,151
5693-5,1435685283082,base,1,2,2,0,506.25,368.75,506.25,506.25,186,151
5693-5,1435685283099,base,1,2,2,0,506.25,368.75,506.25,506.25,194,163
5693-5,1435685283118,base,1,2,2,0,506.25,368.75,506.25,506.25,204,180
5693-5,1435685283132,base,1,2,2,0,506.25,368.75,506.25,506.25,223,219
5693-5,1435685283150,base,1,2,2,0,506.25,368.75,506.25,506.25,238,258
5693-5,1435685283166,base,1,2,2,0,506.25,368.75,506.25,506.25,249,297
5693-5,1435685283183,base,1,2,2,0,506.25,368.75,506.25,506.25,259,337
5693-5,1435685283199,base,1,2,2,0,506.25,368.75,506.25,506.25,269,369
5693-5,1435685283216,base,1,2,2,0,506.25,368.75,506.25,506.25,275,397
5693-5,1435685283233,base,1,2,2,0,506.25,368.75,506.25,506.25,280,412
5693-5,1435685283250,base,1,2,2,0,506.25,368.75,506.25,506.25,287,426
5693-5,1435685283266,base,1,2,2,0,506.25,368.75,506.25,506.25,298,438
5693-5,1435685283283,base,1,2,2,0,506.25,368.75,506.25,506.25,307,442
5693-5,1435685283300,base,1,2,2,0,506.25,368.75,506.25,506.25,324,446
5693-5,1435685283317,base,1,2,2,0,506.25,368.75,506.25,506.25,339,448
5693-5,1435685283335,base,1,2,2,0,506.25,368.75,506.25,506.25,362,448
5693-5,1435685283351,base,1,2,2,0,506.25,368.75,506.25,506.25,381,441
5693-5,1435685283368,base,1,2,2,0,506.25,368.75,506.25,506.25,400,423
5693-5,1435685283385,base,1,2,2,0,506.25,368.75,506.25,506.25,416,400
5693-5,1435685283402,base,1,2,2,0,506.25,368.75,506.25,506.25,432,370
5693-5,1435685283419,base,1,2,2,0,506.25,368.75,506.25,506.25,441,339
5693-5,1435685283437,base,1,2,2,0,506.25,368.75,506.25,506.25,446,306
5693-5,1435685283454,base,1,2,2,0,506.25,368.75,506.25,506.25,447,268
5693-5,1435685283470,base,1,2,2,0,506.25,368.75,506.25,506.25,447,234
5693-5,1435685283488,base,1,2,2,0,506.25,368.75,506.25,506.25,442,216
5693-5,1435685283504,base,1,2,2,0,506.25,368.75,506.25,506.25,435,197
5693-5,1435685283521,base,1,2,2,0,506.25,368.75,506.25,506.25,426,186
5693-5,1435685283538,base,1,2,2,0,506.25,368.75,506.25,506.25,417,178
5693-5,1435685283555,base,1,2,2,0,506.25,368.75,506.25,506.25,413,176
5693-5,1435685283572,base,1,2,2,0,506.25,368.75,506.25,506.25,406,174
5693-5,1435685283589,base,1,2,2,0,506.25,368.75,506.25,506.25,401,173
5693-5,1435685283605,base,1,2,2,0,506.25,368.75,506.25,506.25,399,173
5693-5,1435685283623,base,1,2,2,0,506.25,368.75,506.25,506.25,398,173
5693-5,1435685283640,base,1,2,2,0,506.25,368.75,506.25,506.25,396,173
5693-5,1435685283672,base,1,2,2,0,506.25,368.75,506.25,506.25,395,173
5693-5,1435685283704,base,1,2,2,0,506.25,368.75,506.25,506.25,395,174
5693-5,1435685283720,base,1,2,2,0,506.25,368.75,506.25,506.25,394,176
5693-5,1435685283737,base,1,2,2,0,506.25,368.75,506.25,506.25,393,181
5693-5,1435685283755,base,1,2,2,0,506.25,368.75,506.25,506.25,391,190
5693-5,1435685283772,base,1,2,2,0,506.25,368.75,506.25,506.25,388,207
5693-5,1435685283789,base,1,2,2,0,506.25,368.75,506.25,506.25,382,232
5693-5,1435685283806,base,1,2,2,0,506.25,368.75,506.25,506.25,369,275
5693-5,1435685283822,base,1,2,2,0,506.25,368.75,506.25,506.25,349,325
5693-5,1435685283840,base,1,2,2,0,506.25,368.75,506.25,506.25,325,368
5693-5,1435685283857,base,1,2,2,0,506.25,368.75,506.25,506.25,309,394
5693-5,1435685283874,base,1,2,2,0,506.25,368.75,506.25,506.25,294,413
5693-5,1435685283891,base,1,2,2,0,506.25,368.75,506.25,506.25,280,427
5693-5,1435685283908,base,1,2,2,0,506.25,368.75,506.25,506.25,265,431
5693-5,1435685283924,base,1,2,2,0,506.25,368.75,506.25,506.25,250,420
5693-5,1435685283941,base,1,2,2,0,506.25,368.75,506.25,506.25,233,390
5693-5,1435685283959,base,1,2,2,0,506.25,368.75,506.25,506.25,219,338
5693-5,1435685283976,base,1,2,2,0,506.25,368.75,506.25,506.25,206,271
5693-5,1435685283994,base,1,2,2,0,506.25,368.75,506.25,506.25,199,222
5693-5,1435685284010,base,1,2,2,0,506.25,368.75,506.25,506.25,197,181
5693-5,1435685284027,base,1,2,2,0,506.25,368.75,506.25,506.25,196,161
5693-5,1435685284044,base,1,2,2,0,506.25,368.75,506.25,506.25,194,146
5693-5,1435685284061,base,1,2,2,0,506.25,368.75,506.25,506.25,194,140
5693-5,1435685284080,base,1,2,2,0,506.25,368.75,506.25,506.25,196,141
5693-5,1435685284097,base,1,2,2,0,506.25,368.75,506.25,506.25,200,153
5693-5,1435685284115,base,1,2,2,0,506.25,368.75,506.25,506.25,204,169
5693-5,1435685284130,base,1,2,2,0,506.25,368.75,506.25,506.25,207,186
5693-5,1435685284147,base,1,2,2,0,506.25,368.75,506.25,506.25,207,195
5693-5,1435685284165,base,1,2,2,0,506.25,368.75,506.25,506.25,207,203
5693-5,1435685284182,base,1,2,2,0,506.25,368.75,506.25,506.25,207,206
5693-5,1435685284198,base,1,2,2,0,506.25,368.75,506.25,506.25,204,206
5693-5,1435685284215,base,1,2,2,0,506.25,368.75,506.25,506.25,200,194
5693-5,1435685284232,base,1,2,2,0,506.25,368.75,506.25,506.25,193,175
5693-5,1435685284249,base,1,2,2,0,506.25,368.75,506.25,506.25,186,148
5693-5,1435685284266,base,1,2,2,0,506.25,368.75,506.25,506.25,178,126
5693-5,1435685284282,base,1,2,2,0,506.25,368.75,506.25,506.25,173,110
5693-5,1435685284300,base,1,2,2,0,506.25,368.75,506.25,506.25,171,103
5693-5,1435685284316,base,1,2,2,0,506.25,368.75,506.25,506.25,170,97
5693-5,1435685284334,base,1,2,2,0,506.25,368.75,506.25,506.25,170,92
5693-5,1435685284351,base,1,2,2,0,506.25,368.75,506.25,506.25,174,76
5693-5,1435685284368,base,1,2,2,0,506.25,368.75,506.25,506.25,191,53
5693-5,1435685284384,base,1,2,2,0,506.25,368.75,506.25,506.25,208,31
5693-5,1435685284402,base,1,2,2,0,506.25,368.75,506.25,506.25,227,7
5693-5,1435685297632,base,1,2,2,0,506.25,368.75,506.25,506.25,206,210
5693-5,1435685297648,base,1,2,2,0,506.25,368.75,506.25,506.25,206,220
5693-5,1435685297665,base,1,2,2,0,506.25,368.75,506.25,506.25,206,222
5693-5,1435685297682,base,1,2,2,0,506.25,368.75,506.25,506.25,208,224
5693-5,1435685297699,base,1,2,2,0,506.25,368.75,506.25,506.25,214,224
5693-5,1435685297716,base,1,2,2,0,506.25,368.75,506.25,506.25,222,224
5693-5,1435685297732,base,1,2,2,0,506.25,368.75,506.25,506.25,244,225
5693-5,1435685297750,base,1,2,2,0,506.25,368.75,506.25,506.25,257,226
5693-5,1435685297765,base,1,2,2,0,506.25,368.75,506.25,506.25,275,234
5693-5,1435685297782,base,1,2,2,0,506.25,368.75,506.25,506.25,289,246
5693-5,1435685297799,base,1,2,2,0,506.25,368.75,506.25,506.25,294,260
5693-5,1435685297816,base,1,2,2,0,506.25,368.75,506.25,506.25,300,287
5693-5,1435685297833,base,1,2,2,0,506.25,368.75,506.25,506.25,300,320
5693-5,1435685297969,base,1,2,2,0,506.25,368.75,506.25,506.25,282,340
5693-5,1435685297986,base,1,2,2,0,506.25,368.75,506.25,506.25,275,342
5693-5,1435685298003,base,1,2,2,0,506.25,368.75,506.25,506.25,269,347
5693-5,1435685298020,base,1,2,2,0,506.25,368.75,506.25,506.25,264,350
5693-5,1435685298614,base,1,2,2,0,506.25,368.75,506.25,506.25,264,353
5693-5,1435685298629,base,1,2,2,0,506.25,368.75,506.25,506.25,267,362
5693-5,1435685298646,base,1,2,2,0,506.25,368.75,506.25,506.25,277,372
5693-5,1435685298663,base,1,2,2,0,506.25,368.75,506.25,506.25,302,393
5693-5,1435685298680,base,1,2,2,0,506.25,368.75,506.25,506.25,328,408
5693-5,1435685298697,base,1,2,2,0,506.25,368.75,506.25,506.25,362,421
5693-5,1435685298713,base,1,2,2,0,506.25,368.75,506.25,506.25,395,427
5693-5,1435685298731,base,1,2,2,0,506.25,368.75,506.25,506.25,424,427
5693-5,1435685298748,base,1,2,2,0,506.25,368.75,506.25,506.25,445,426
5693-5,1435685298764,base,1,2,2,0,506.25,368.75,506.25,506.25,460,420
5693-5,1435685298781,base,1,2,2,0,506.25,368.75,506.25,506.25,473,413
5693-5,1435685298798,base,1,2,2,0,506.25,368.75,506.25,506.25,484,406
5693-5,1435685298815,base,1,2,2,0,506.25,368.75,506.25,506.25,486,403
5693-5,1435685300869,base,1,2,2,0,506.25,368.75,506.25,506.25,575,459
